"","field_citation_value","file_path"
"1","IHME Zotero format or if source has NID, citation info from GHDx","full file path of article; this field is not getting uploaded into the EPI database. Only needed if source doesn't have NID"
"2","#*#Author#*#Hyma B, Ramesh A, Gunasekaran K. #*#Title#*#Lymphatic filariasis in Madras, India. #*#Journal#*#Soc Sci Med. #*#Date#*#1989;#*#Volume#*#29(8)#*#Pages#*#:983–90. 
","J:\Project\NTDS\data\LF\Exctracted PDFs\Hyma_LF_Madras_India.pdf"
"3","#*#Author#*#Sharma GK, Rao CK, Sharma SP, Sundaram RM, Ghosh TK, Raina VK, Rao PK, Das M. #*#Title#*#Relative impact of integrated vector control strategy vis-a-vis conventional control strategy on bancroftian filariasis in Pondicherry. #*#Journal#*#J Commun Dis. #*#Date#*#1986 Dec;#*#Volume#*#18(4)#*#Pages#*#:267–75. 
","J:\Project\NTDS\data\LF\Exctracted PDFs\Sharma_Rel_Impact_Integrated_Vector_Control_Pondicherry.pdf"
"4","#*#Author#*#Udonsi JK. #*#Title#*#Filariasis in the Igwun River Basin, Nigeria: an epidemiological and clinical study with a note on the vectors. #*#Journal#*#Ann Trop Med Parasitol. #*#Date#*#1988 Feb;#*#Volume#*#82(1)#*#Pages#*#:75–82. 
","J:\Project\NTDS\data\LF\Exctracted PDFs\Udonsi_Filariasis_in_the_Igwun_River_Basin.pdf"
"5","#*#Author#*#Blanchy S, Benthein F. #*#Title#*#[A survey of filariasis in the Comoro Islands, in Great Comoro and Mohéli]. #*#Journal#*#Bull Soc Pathol Exot Filiales. #*#Date#*#1989 Jan;#*#Volume#*#82(1)#*#Pages#*#:29–34. 
","J:\Project\NTDS\data\LF\Exctracted PDFs\Blanchy_Survey_Comoro_Islands.pdf"
"6","#*#Author#*#Rajagopalan PK, Panicker KN, Pani SP. #*#Title#*#Impact of 50 years of vector control on the prevalence of Brugia malayi in Shertallai area of Kerala state. #*#Journal#*#Indian J. Med. Res. #*#Date#*#1989 Nov;#*#Volume#*#89#*#Pages#*#:418–25. 
","J:\Project\NTDS\data\LF\Exctracted PDFs\Rajagopalan_Vector_Control_Brugia_malayi_Shertallai.pdf"
"7","#*#Author#*#Ramaiah KD, Pani SP, Balakrishnan N, Sadanandane C, Das LK, Mariappan T, Rajavel AR, Vanamail P, Subramanian S. #*#Title#*#Prevalence of bancroftian filariasis & its control by single course of diethyl carbamazine in a rural area in Tamil Nadu. #*#Journal#*#Indian J. Med. Res. #*#Date#*#1989 May;#*#Volume#*#89#*#Pages#*#:184–91. 
","J:\Project\NTDS\data\LF\Exctracted PDFs\Ramaiah_Bancroftian_Filariasis_Control_Tamil_Nadu.pdf"
"8","#*#Author#*#Khamboonruang C, Sukhavat K, Pan-In S, Choochote W, Somboon P, Keha P, Muangyimpong Y. #*#Title#*#Bancroftian filariasis in Tambol Na-Sai, Amphoe Li, Lamphun Province: a preliminary survey for microfilaraemia. #*#Journal#*#J Med Assoc Thai. #*#Date#*#1989 Jun;#*#Volume#*#72(6)#*#Pages#*#:321–4. 
","J:\Project\NTDS\data\LF\Exctracted PDFs\Khamboonruang_Bancroftian_Filariasis_Tambol_Na-Sai.pdf"
"9","#*#Author#*#Day KP, Spark R, Garner P, Raiko A, Wenger JD, Weiss N, Mitchell GF, Alpers MP, Kazura JW. #*#Title#*#Serological evaluation of the macrofilaricidal effects of diethylcarbamazine treatment in bancroftian filariasis. #*#Journal#*#Am. J. Trop. Med. Hyg. #*#Date#*#1991 May;#*#Volume#*#44(5)#*#Pages#*#:528–35. 
","J:\Project\NTDS\data\LF\Exctracted PDFs\Day_Serological_Evaluation_Macrofilaricidal_DEC.pdf"
"10","#*#Author#*#Pani SP, Krishnamoorthy K, Rao AS, Prathiba J. #*#Title#*#Clinical manifestations in malayan filariasis infection with special reference to lymphoedema grading. #*#Journal#*#Indian J. Med. Res. #*#Date#*#1990 May;#*#Volume#*#91#*#Pages#*#:200–7. 
","J:\Project\NTDS\data\LF\Exctracted PDFs\Pani_Clinical_Manifestations_Malayan_Filariasis.pdf"
"11","","J:\Project\NTDS\data\LF\Exctracted PDFs\Cartel_Wuchereria_bancrofti_infection_in_human_and_mosqui.pdf"
"12","","J:\Project\NTDS\data\LF\Exctracted PDFs\Rajasekariah_Pattern_W_Bancrofti_Schools_Bassein.pdf"
"13","#*#Author#*#Dissanaike AS. #*#Title#*#Filariasis in Ceylon then (1961) and in Sri Lanka now (1990-30 years on). #*#Journal#*#Ann Trop Med Parasitol. #*#Date#*#1991 Feb;#*#Volume#*#85(1)#*#Pages#*#:123–9.","J:\Project\NTDS\data\LF\Exctracted PDFs\Dissanaike_Filariasis_Sri_Lanka.pdf"
"14","","J:\Project\NTDS\data\LF\Exctracted PDFs\Schururkamp_DEC_Control_Bancroftian_Filariasis_Ok_Tedi_PNG.pdf"
"15","#*#Author#*#Rath RN, Mohapatra BN, Das B. #*#Title#*#Detection of a new focus of Brugia malayi infection in Orissa. #*#Journal#*#J Commun Dis. #*#Date#*#1989 Mar;#*#Volume#*#21(1)#*#Pages#*#:39–40. 
","J:\Project\NTDS\data\LF\Exctracted PDFs\Rath_Detection_of_New_Brugia_Malayi_Focus_Orissa.pdf"
"16","","J:\Project\NTDS\data\LF\Exctracted PDFs\Raina_Epidemiology_Brugia_malayi_Sillberia_West_Bengal.pdf"
"17","#*#Author#*#Balakrishnan N, Ramaiah KD, Pani SP. #*#Title#*#Efficacy of bi-annual administration of DEC in the control of bancroftian filariasis. #*#Journal#*#J Commun Dis. #*#Date#*#1992 Jun;#*#Volume#*#24(2)#*#Pages#*#:87–91. 
","J:\Project\NTDS\data\LF\Exctracted PDFs\Balakrishnan_Efficacy_DEC_Control_Bancroftian_Filariasis.pdf"
"18","#*#Author#*#Chang MS, Ho BC, Chan KL. #*#Title#*#Efficacy of diethylcarbamazine and pirimiphos-methyl residual spraying in controlling brugian filariasis. #*#Journal#*#Trop. Med. Parasitol. #*#Date#*#1991 Jun;#*#Volume#*#42(2)#*#Pages#*#:95–102. 
","J:\Project\NTDS\data\LF\Exctracted PDFs\Chang_Efficacy_DEC_and_Pirimiphos_methyl_resid_brugian_filariasis.pdf"
"19","",""
"20","","J:\Project\NTDS\data\LF\Exctracted PDFs\Raina_LF_Slums_Delhi.pdf"
"21","#*#Author#*#Desowitz RS, Jenkins C, Anian G. #*#Title#*#Bancroftian filariasis in an isolated hunter-gatherer shifting horticulturist group in Papua New Guinea. #*#Journal#*#Bull. World Health Organ. #*#Date#*#1993;#*#Volume#*#71(1)#*#Pages#*#:55–8. 
","J:\Project\NTDS\data\LF\Exctracted PDFs\Desowitz_Bancroftian_Filariasis_hunter_gatherere_PNG.pdf"
"22","#*#Author#*#Fontes G, Brito AC, Calheiros CM, Antunes CM, da Rocha EM. #*#Title#*#[Present status of bancroftian filariasis in Maceió, State of Alagoas, Brazil]. #*#Journal#*#Cad Saude Publica. #*#Date#*#1994;#*#Volume#*#10 Suppl 2#*#Pages#*#:293–300. 
","J:\Project\NTDS\data\LF\Exctracted PDFs\Fontes_Bancroftian_Filariasis_Maceio_Brazil.pdf"
"23","#*#Author#*#De SK, Chandra G. #*#Title#*#Studies on the filariasis vector--Culex quinquefasciatus at Kanchrapara, west Bengal (India). #*#Journal#*#Indian J. Med. Res. #*#Date#*#1994 Jun;#*#Volume#*#99#*#Pages#*#:255–8. ","J:\Project\NTDS\data\LF\Exctracted PDFs\De_Studies_on_filariasis_vector_Kanchrapar.pdf"
"24","#*#Author#*#LAMMIE P, HIGHTOWER A, EBERHARD M. #*#Title#*#AGE-SPECIFIC PREVALENCE OF ANTIGENEMIA IN A WUCHERERIA BANCROFTI-EXPOSED POPULATION. #*#Journal#*#American Journal of Tropical Medicine and Hygiene. #*#Date#*#1994 Sep;#*#Volume#*#51(3)#*#Pages#*#:348–55. ","J:\Project\NTDS\data\LF\Exctracted PDFs\Lammie_Age_specific_prevalence_W_Bancrofti.pdf"
"25","","J:\Project\NTDS\data\LF\Exctracted PDFs\Prybylski_Integrated_Community_based_Control_Program_Mt_Bosavi.pdf"
"26","","J:\Project\NTDS\data\LF\Exctracted PDFs\Ramaiah_Permissible_Levels_of_Transmission_Bancroftian_Filariasis.pdf"
"27","","J:\Project\NTDS\data\LF\Exctracted PDFs\Suvannadabba_Current_Status_of_Filariasis_in_Thailand.pdf"
"28","","J:\DATA\JOURNAL_ARTICLES\TRANS_R_SOC_TROP_MED_HYG\1995\ALBUQUERQUE_BANCROFTIAN_FILARIASIS_IN_Y2015M06D17.PDF"
"29","#*#Author#*#Simonsen PE, Meyrowitsch DW, Makunde WH, Magnussen P. #*#Title#*#Selective diethylcarbamazine chemotherapy for control of Bancroftian filariasis in two communities of Tanzania: compared efficacy of a standard dose treatment and two semi-annual single dose treatments. #*#Journal#*#Am. J. Trop. Med. Hyg. #*#Date#*#1995 Sep;#*#Volume#*#53(3)#*#Pages#*#:267–72. ","J:\Project\NTDS\data\LF\Exctracted PDFs\Simonsen_Selective_DEC_Control_of_Bancroftian_Filariasis_Tanzania.pdf"
"30","","J:/DATA/JOURNAL_ARTICLES/MEM_INST_OSWALDO_CRUZ/1996/MACIEL_EPIDEMIOLOGICAL_STUDY_OF_Y2015M06D17.PDF"
"31","","J:\Project\NTDS\data\LF\Exctracted PDFs\Prasad_Filariasis_Rural_Shahjahanpur.pdf"
"32","","J:\Project\NTDS\data\LF\Exctracted PDFs\Kar_Clinical_Filarial_Disease_Orissa.pdf"
"33","#*#Author#*#Bailey JW, Hightower AW, Eberhard ML, Lammie PJ. #*#Title#*#Acquisition and expression of humoral reactivity to antigens of infective stages of filarial larvae. #*#Journal#*#Parasite Immunology. #*#Date#*#1995 Dec;#*#Volume#*#17(12)#*#Pages#*#:617–23. 
","J:\Project\NTDS\data\LF\Exctracted PDFs\Bailey_Acquisition_Expression_Humoral_Reactivity_Antigens_Filarial_Larvae.pdf"
"34","#*#Author#*#Meyrowitsch DW, Simonsen PE, Makunde WH. #*#Title#*#Mass DEC chemotherapy for control of bancroftian filariasis: comparative efficacy of four strategies two years after start of treatment. #*#Journal#*#Trans. R. Soc. Trop. Med. Hyg. #*#Date#*#1996 Aug;#*#Volume#*#90(4)#*#Pages#*#:423–8.","J:\Project\NTDS\data\LF\Exctracted PDFs\Meyrowitsch_Mass_DEC_control_bancroftian_filariasis_comparative.pdf"
"35","","J:\Project\NTDS\data\LF\Exctracted PDFs\Jamaneh_Clinico_epidemiological_study_LF_Ethiopia.pdf"
"36","","J:\Project\NTDS\data\LF\Exctracted PDFs\Bera_LF_Survey_Revealing_Brugia_malayi_Coastal_West_Bengal.pdf"
"37","#*#Author#*#Braga C, de Albuquerque MF, Schindler H, Rezende A, Maciel A, Silva MC, Furtado A, de Carvalho AB, Lapa T, Ximenes RA. #*#Title#*#[Epidemiological pattern of lymphatic filariasis in children living in endemic areas]. #*#Journal#*#J Pediatr (Rio J). #*#Date#*#1997 Apr;#*#Volume#*#73(2)#*#Pages#*#:95–100. 
","Waiting for PDF"
"38","#*#Author#*#Chansiri K, Phantana S. #*#Title#*#A polymerase chain reaction assay for the survey of bancroftian filariasis. #*#Journal#*#Southeast Asian J. Trop. Med. Public Health. #*#Date#*#2002 Sep;#*#Volume#*#33(3)#*#Pages#*#:504–8. 
","J:\Project\NTDS\data\LF\Exctracted PDFs\Ramzy_PCR_Assay_Detection_of_Wuchereia_bancrofti.pdf"
"39","#*#Author#*#Fontes G, Rocha EMM, Brito AC, Antunes CMF. #*#Title#*#Lymphatic Filariasis in Brazilian urban area (Maceio, Alagoas). #*#Journal#*#Memorias Do Instituto Oswaldo Cruz. #*#Date#*#1998 Dec;#*#Volume#*#93(6)#*#Pages#*#:705–10. 
","J:\Project\NTDS\data\LF\Exctracted PDFs\Fontes_LF_Brazil_Urban.pdf"
"40","#*#Author#*#Meyrowitsch DW, Simonsen PE, Magesa SM. #*#Title#*#Long-term effect of three different strategies for mass diethylcarbamazine administration in bancroftian filariasis: follow-up at 10 years after treatment. #*#Journal#*#Transactions of the Royal Society of Tropical Medicine and Hygiene. #*#Date#*#2004 Nov;#*#Volume#*#98(11)#*#Pages#*#:627–34. 
","J:\Project\NTDS\data\LF\Exctracted PDFs\Meyrowitsch_Long_term_DEC_Tanzania.pdf"
"41","","J:\Project\NTDS\data\LF\Exctracted PDFs\Meyrowitsch_Present_Status_LF_Vietnam.pdf"
"42","#*#Author#*#Rocha EM, Fontes G. #*#Title#*#[Bancroftian filariasis in Brazil]. #*#Journal#*#Rev Saude Publica. #*#Date#*#1998 Feb;#*#Volume#*#32(1)#*#Pages#*#:98–105.","J:\Project\NTDS\data\LF\Exctracted PDFs\Rocha_Bancroftian_Filariasis_Brazil.pdf"
"43","#*#Author#*#Champetier de Ribes G, Ranaivoson G, Rakotoherisoa E, Ramanampamonjy R, Randrianirina F. #*#Title#*#[Preliminary results in the clinical, epidemiological and parasitological study of Bancrofti filariasis in Madagascar]. #*#Journal#*#Arch Inst Pasteur Madagascar. #*#Date#*#1996;#*#Volume#*#63(1–2)#*#Pages#*#:16–8.","J:\Project\NTDS\data\LF\Exctracted PDFs\Champetier_Preliminary_Results_Survey_Madagascar.pdf"
"44","","J:\Project\NTDS\data\LF\Exctracted PDFs\Beach_Assessment_Ivermectin_Albendazole_Haiti.pdf"
"45","#*#Author#*#Raccurt CP. #*#Title#*#[Filariasis in Haiti: a century of history]. #*#Journal#*#Bull Soc Pathol Exot. #*#Date#*#1999 Dec;#*#Volume#*#92(5)#*#Pages#*#:355–9. 
","J:\Project\NTDS\data\LF\Exctracted PDFs\Raccurt_Filariasis_Haiti_Century_of_History.pdf"
"46","","J:\Project\NTDS\data\LF\Exctracted PDFs\Sharma_Bancroftian_Filariasis_Varanasi.pdf"
"47","#*#Author#*#Singaravelu G, Mahalingam S, Sumathy S. #*#Title#*#Estimation of different degrees of provocation by DEC (diethyl carbamazine citrate) medication in bancroftian filariasis in Vellore, Tamilnadu. #*#Journal#*#Indian J. Exp. Biol. #*#Date#*#1999 Nov;#*#Volume#*#37(11)#*#Pages#*#:1142–3. ","J:\Project\NTDS\data\LF\Exctracted PDFs\Singaravelu_Estimation_provocation_DEC_Vellore.pdf"
"48","#*#Author#*#Dunyo SK, Nkrumah FK, Simonsen PE. #*#Title#*#Single-dose treatment of Wuchereria bancrofti infections with ivermectin and albendazole alone or in combination: evaluation of the potential for control at 12 months after treatment. #*#Journal#*#Transactions of the Royal Society of Tropical Medicine and Hygiene. #*#Date#*#2000 Aug;#*#Volume#*#94(4)#*#Pages#*#:437–43. ","J:\Project\NTDS\data\LF\Exctracted PDFs\Dunyo_Single_dose_treatment_of_W_Bancrofti_Ghana.pdf"
"49","","J:\Project\NTDS\data\LF\Exctracted PDFs\Rajendran_Filariasis_Chavakad_taluk.pdf"
"50","#*#Author#*#Rudra SK, Chandra G. #*#Title#*#Comparative epidemiological studies on lymphatic filariasis, between tribal and non-tribal populations of Bankura district, West Bengal, India. #*#Journal#*#Annals of Tropical Medicine and Parasitology. #*#Date#*#2000 Jun;#*#Volume#*#94(4)#*#Pages#*#:365–72. 
","J:\Project\NTDS\data\LF\Exctracted PDFs\Rudra_Comparative_Tribal_v_NonTribal_Bankura.pdf"
"51","#*#Author#*#HARB M, FARIS R, GAD A, HAFEZ O, RAMZY R, BUCK A. #*#Title#*#THE RESURGENCE OF LYMPHATIC FILARIASIS IN THE NILE DELTA. #*#Journal#*#Bulletin of the World Health Organization. #*#Date#*#1993;#*#Volume#*#71(1)#*#Pages#*#:49–54. 
","J:\Project\NTDS\data\LF\Exctracted PDFs\Harb_LF_Nile_Delta.pdf"
"52","#*#Author#*#Kumar A, Chand SK. #*#Title#*#Prevalence of Wuchereria bancrofti infection in some coastal villages of Ganjam, Orissa. #*#Journal#*#J Commun Dis. #*#Date#*#1990 Sep;#*#Volume#*#22(3)#*#Pages#*#:209–12. ","J:\Project\NTDS\data\LF\Exctracted PDFs\Kumar_W_bancrofti_Coastal_Ganjam.pdf"
"53","#*#Author#*#Terhell AJ, Price R, Koot JWM, Abadi K, Yazdanbakhsh M. #*#Title#*#The development of specific IgG4 and IgE in a paediatric population is influenced by filarial endemicity and gender. #*#Journal#*#Parasitology. #*#Date#*#2000 Nov;#*#Volume#*#121#*#Pages#*#:535–43. ","J:\Project\NTDS\data\LF\Exctracted PDFs\Terhell_Development_Specific_IgG4_IgE_pediatric.pdf"
"54","#*#Author#*#Das PK, Ramaiah KD, Vanamail P, Pani SP, Yuvaraj J, Balarajan K, Bundy DAP. #*#Title#*#Placebo-controlled community trial of four cycles of single-dose diethylcarbamazine or ivermectin against Wuchereria bancrofti infection and transmission in India. #*#Journal#*#Transactions of the Royal Society of Tropical Medicine and Hygiene. #*#Date#*#2001 Jun;#*#Volume#*#95(3)#*#Pages#*#:336–41. 
","J:\Project\NTDS\data\LF\Exctracted PDFs\Das_Community_Trial_DEC_Ivermectin_India.pdf"
"55","#*#Author#*#Gyapong JO, Remme JHF. #*#Title#*#The use of grid sampling methodology for rapid assessment of the distribution of bancroftian filariasis. #*#Journal#*#Transactions of the Royal Society of Tropical Medicine and Hygiene. #*#Date#*#2001 Dec;#*#Volume#*#95(6)#*#Pages#*#:681–6. ","J:\Project\NTDS\data\LF\Exctracted PDFs\Gyapong_Grid_Sampling.pdf"
"56","#*#Author#*#Reuben R, Rajendran R, Sunish IP, Mani TR, Tewari SC, Hiriyan J, Gajanana A. #*#Title#*#Annual single-dose diethylcarbamazine plus ivermectin for control of bancroftian filariasis: comparative efficacy with and without vector control. #*#Journal#*#Annals of Tropical Medicine and Parasitology. #*#Date#*#2001 Jun;#*#Volume#*#95(4)#*#Pages#*#:361–78. 
","J:\Project\NTDS\data\LF\Exctracted PDFs\Reuben_Annual_DEC_Ivermectin_Control_Bancroftian_Filariasis.pdf"
"57","#*#Author#*#Hopkins DR, Eigege A, Miri ES, Gontor I, Ogaii G, Umaru J, Gwomkudu CC, Mathai W, Jinadu M, Amadiegwu S, Oyenekan OK, Korve K, Richards FO. #*#Title#*#Lymphatic filariasis elimination and schistosomiasis control in combination with onchocerciasis control in Nigeria. #*#Journal#*#American Journal of Tropical Medicine and Hygiene. #*#Date#*#2002 Sep;#*#Volume#*#67(3)#*#Pages#*#:266–72.","J:\Project\NTDS\data\LF\Exctracted PDFs\Hopkins_LF_Elimination_Schisto_Nigeria.pdf"
"58","","J:\Project\NTDS\data\LF\Exctracted PDFs\Ngwira_LF_Karonga_Malawi.pdf"
"59","","J:\Project\NTDS\data\LF\Exctracted PDFs\Rajendran_Mass_Admin_DEC_Albendazole.pdf"
"60","","J:\Project\NTDS\data\LF\Exctracted PDFs\Ramzy_Single_Dose_DEC_Egypt.pdf"
"61","#*#Author#*#Srividya A, Michael E, Palaniyandi M, Pani SP, Das PK. #*#Title#*#A geostatistical analysis of the geographic distribution of lymphatic filariasis prevalence in Southern India. #*#Journal#*#American Journal of Tropical Medicine and Hygiene. #*#Date#*#2002 Nov;#*#Volume#*#67(5)#*#Pages#*#:480–9. 
","J:\Project\NTDS\data\LF\Exctracted PDFs\Srividya_Geostatistical_Analysis_LF_Southern_India.pdf"
"62","#*#Author#*#Eigege A, Richards FO, Blaney DD, Miri ES, Gontor I, Ogah G, Umaru J, Jinadu MY, Mathai W, Amadiegwu S, Hopkins DR. #*#Title#*#Rapid assessment for lymphatic filariasis in central Nigeria: A comparison of the immunochromatographic card test and hydrocele rates in an area of high endemicity. #*#Journal#*#American Journal of Tropical Medicine and Hygiene. #*#Date#*#2003 Jun;#*#Volume#*#68(6)#*#Pages#*#:643–6. 
","J:\Project\NTDS\data\LF\Exctracted PDFs\Eigege_Rapid_Assessment_LF_Central_Nigeria.pdf"
"63","","J:\Project\NTDS\data\LF\Exctracted PDFs\Kyelem_Impact_Long_term_Ivermectin_Burkina_Faso.pdf"
"64","#*#Author#*#Malhotra I, Ouma JH, Wamachi A, Kioko J, Mungai P, Njzovu M, Kazura JW, King CL. #*#Title#*#Influence of maternal filariasis on childhood infection and immunity to Wuchereria bancrofti in Kenya. #*#Journal#*#Infect. Immun. #*#Date#*#2003 Sep;#*#Volume#*#71(9)#*#Pages#*#:5231–7. 
","J:\Project\NTDS\data\LF\Exctracted PDFs\Malhotra_Maternal_Filariasis_Kenya.pdf"
"65","","J:\Project\NTDS\data\LF\Exctracted PDFs\Rahmah_antigen_ELISA_brugian_filariasis_Malaysian_schoolchildren.pdf"
"66","","J:\Project\NTDS\data\LF\Exctracted PDFs\Ramaiah_Prevalences_Wuchereria_Bancrofti_Six_Rounds.pdf"
"67","#*#Author#*#Weerasooriya MV, Itoh M, Mudalige MPS, Qiu XG, Kimura E, Gunawardena NK, Fujimaki Y. #*#Title#*#Human infection with Wuchereria bancrofti in Matara, Sri Lanka: the use, in parallel, of an ELISA to detect filaria-specific IgG(4) in urine and of ICT card tests to detect filarial antigen in whole blood. #*#Journal#*#Annals of Tropical Medicine and Parasitology. #*#Date#*#2003 Mar;#*#Volume#*#97(2)#*#Pages#*#:179–85. ","J:\Project\NTDS\data\LF\Exctracted PDFs\Weerasooriya_Human_infection_W_Bancrofti_Matara.pdf"
"68","#*#Author#*#Boyd HA, Waller LA, Flanders WD, Beach MJ, Sivilus JS, Lovince R, Lammie PJ, Addiss DG. #*#Title#*#Community- and individual-level determinants of Wuchereria bancrofti infection in Leogane Commune, Haiti. #*#Journal#*#American Journal of Tropical Medicine and Hygiene. #*#Date#*#2004 Mar;#*#Volume#*#70(3)#*#Pages#*#:266–72. 
","J:\Project\NTDS\data\LF\Exctracted PDFs\Boyd_Community_individual_determinants_Wbancrofti_Leogane_Haiti.pdf"
"69","","J:\Project\NTDS\data\LF\Exctracted PDFs\De_Rochars_Geographic_distribution_LF_Haiti.pdf"
"70","#*#Author#*#Kshirsagar NA, Gogtay NJ, Garg BS, Deshmukh PR, Rajgor DD, Kadam VS, Kirodian BG, Ingole NS, Mehendale AM, Fleckenstein L, Karbwang J, Lazdins-Helds JK. #*#Title#*#Safety, tolerability, efficacy and plasma concentrations of diethylcarbamazine and albendazole co-administration in a field study in an area endemic for lymphatic filariasis in India. #*#Journal#*#Transactions of the Royal Society of Tropical Medicine and Hygiene. #*#Date#*#2004 Apr;#*#Volume#*#98(4)#*#Pages#*#:205–17. ","J:\Project\NTDS\data\LF\Exctracted PDFs\Kshirsagar_Safety_tolerability_efficacy_DEC_Albendazole_India.pdf"
"71","#*#Author#*#Leang R, Socheat D, Bin B, Bunkea T, Odermatt P. #*#Title#*#Assessment of disease and infection of lymphatic filariasis in Northeastern Cambodia. #*#Journal#*#Tropical Medicine & International Health. #*#Date#*#2004 Oct;#*#Volume#*#9(10)#*#Pages#*#:1115–20. 
","J:\Project\NTDS\data\LF\Exctracted PDFs\Leang_Disease_Infection_LF_Cambodia.pdf"
"72","#*#Author#*#Meyrowitsch DW, Simonsen PE, Magesa SM. #*#Title#*#Long-term effect of three different strategies for mass diethylcarbamazine administration in bancroftian filariasis: follow-up at 10 years after treatment. #*#Journal#*#Transactions of the Royal Society of Tropical Medicine and Hygiene. #*#Date#*#2004 Nov;#*#Volume#*#98(11)#*#Pages#*#:627–34. 
","J:\Project\NTDS\data\LF\Exctracted PDFs\Meyrowitsch_Long_term_DEC_Tanzania_10yrs.pdf"
"73","#*#Author#*#Rajendran R, Sunish IP, Mani TR, Munirathinam A, Abdullah SM, Arunachalam N, Satyanarayana K. #*#Title#*#Impact of two annual single-dose mass drug administrations with diethylcarbamazine alone or in combination with albendazole on Wuchereria bancrofti microfilaraemia and antigenaemia in South India. #*#Journal#*#Transactions of the Royal Society of Tropical Medicine and Hygiene. #*#Date#*#2004 Mar;#*#Volume#*#98(3)#*#Pages#*#:174–81.","J:\Project\NTDS\data\LF\Exctracted PDFs\Rajendran_Two_Mass_Admins_DEC_Albendazole.pdf"
"74","","J:\Project\NTDS\data\LF\Exctracted PDFs\Rawlins_Interruption_Transmission_LF_Trinidad_Tobago.pdf"
"75","#*#Author#*#Washington CH, Radday J, Streit TG, Boyd HA, Beach MJ, Addiss DG, Lovince R, Lovegrove MC, Lafontant JG, Lammie PJ, Hightower AW. #*#Title#*#Spatial clustering of filarial transmission before and after a Mass Drug Administration in a setting of low infection prevalence. #*#Journal#*#Filaria Journal [Internet]. #*#Date#*#2004;#*#Volume#*#3. Available from: https://www.scopus.com/inward/record.uri?eid=2-s2.0-2942514522&partnerID=40&md5=6770a214d1c97dbd247c5099b1da210e","J:\Project\NTDS\data\LF\Exctracted PDFs\Washington_Spatial_Clustering_before_after_MDA.pdf"
"76","","J:\Project\NTDS\data\LF\Exctracted PDFs\El-Setouhy_effect_compliance_impact_MDA_elimination_LF_Egypt.pdf"
"77","","J:\Project\NTDS\data\LF\Exctracted PDFs\Njenga_Impact_MDA_eliminate_LF_Malindi_Kenya.pdf"
"78","#*#Author#*#Richards Jr. FO, Eigege A, Pam D, Kal A, Lenhart A, Oneyka JOA, Jinadu MY, Miri ES. #*#Title#*#Mass ivermectin treatment for onchocerciasis: Lack of evidence for collateral impact on transmission of Wuchereria bancrofti in areas of co-endemicity. #*#Journal#*#Filaria Journal [Internet]. #*#Date#*#2005;#*#Volume#*#4. Available from: https://www.scopus.com/inward/record.uri?eid=2-s2.0-26844563309&partnerID=40&md5=df4a35748ff1ec5d793fdfdabaf56d51","J:\Project\NTDS\data\LF\Exctracted PDFs\Richards_Lack_evidence_impact_on_W_bancrofti_co-endemicity.pdf"
"79","#*#Author#*#Jaoko WG, Simonsen PE, Meyrowitsch DW, Estambale BBA, Malecela-Lazaro MN, Michael E. #*#Title#*#Filarial-specific antibody response in East African bancroftian filariasis: effects of host infection, clinical disease, and filarial endemicity. #*#Journal#*#Am. J. Trop. Med. Hyg. #*#Date#*#2006 Jul;#*#Volume#*#75(1)#*#Pages#*#:97–107. 
","J:\Project\NTDS\data\LF\Exctracted PDFs\Jaoko_Filarial-Specific_Antibody_East_Africa.pdf"
"80","#*#Author#*#Ngwira BMM, Tambala P, Maria AM, Bowie C, Molyneux DH. #*#Title#*#The geographical distribution of lymphatic filariasis infection in Malawi. #*#Journal#*#Filaria Journal [Internet]. #*#Date#*#2007;#*#Volume#*#6. Available from: https://www.scopus.com/inward/record.uri?eid=2-s2.0-44349182007&partnerID=40&md5=1a6cd018a5626d404d88b516aa1827a2","J:\Project\NTDS\data\LF\Exctracted PDFs\Ngwira_Geographical_Dist_LF_Malawi.pdf"
"81","#*#Author#*#Rwegoshora RT, Simonsen PE, Meyrowitsch DW, Malecela-Lazaro MN, Michael E, Pedersen EM. #*#Title#*#Bancroftian filariasis: House-to-house variation in the vectors and transmission - And the relationship to human infection - In an endemic community of coastal Tanzania. #*#Journal#*#Annals of Tropical Medicine and Parasitology. #*#Date#*#2007;#*#Volume#*#101(1)#*#Pages#*#:51–60. 
","J:\Project\NTDS\data\LF\Exctracted PDFs\Rwegoshora_Bancroftian_filariasis_house_to_house_variation.pdf"
"82","#*#Author#*#King JD, Eigege A, Umaru J, Jip N, Miri E, Emerson P, Goshit DD, Ogah GG, Njepuome N, Richards F. #*#Title#*#PROGRESS TOWARD LYMPHATIC FILARIASIS (LF) ELIMINATION IN PLATEAU AND NASARAWA STATES, NIGERIA: INTEGRATED POPULATION-BASED PREVALENCE SURVEYS AFTER SIX YEARS MASS DRUG ADMINISTRATION. #*#Journal#*#American Journal of Tropical Medicine and Hygiene. #*#Date#*#2008 Dec;#*#Volume#*#79(6)#*#Pages#*#:340–340. 
","J:\Project\NTDS\data\LF\Exctracted PDFs\King_Progress_LF_elimination_Nigeria_surveys_six_years_MDA.pdf"
"83","","J:\Project\NTDS\data\LF\Exctracted PDFs\Njenga_Impact_two_rounds_mass_treatment_WB_immunochromatographic_Kenya.pdf"
"84","#*#Author#*#Udoidung NI, Braide EI, Opara KN, Atting IA, Adie HA. #*#Title#*#Current status of bancroftian filariasis in rural communities of the lower cross river basin, Nigeria: Parasitological and clinical aspects. #*#Journal#*#Journal of Public Health. #*#Date#*#2008;#*#Volume#*#16(6)#*#Pages#*#:383–8. 
","J:\Project\NTDS\data\LF\Exctracted PDFs\Udoidung_Current_status_Bancroftian_filariasis_river_basin_Nigeria.pdf"
"85","#*#Author#*#King JD, Eigege A, Umaru J, Jip N, Miri E, Jiya J, Alphonsus KM, Sambo Y, Graves P, Richards F. #*#Title#*#Evidence for Stopping Mass Drug Administration for Lymphatic Filariasis in Some, But Not All Local Government Areas of Plateau and Nasarawa States, Nigeria. #*#Journal#*#American Journal of Tropical Medicine and Hygiene. #*#Date#*#2012 Aug;#*#Volume#*#87(2)#*#Pages#*#:272–80. 
","J:\Project\NTDS\data\LF\Exctracted PDFs\King_Progress_LF_elimination_Nigeria_surveys_six_years_MDA.pdf"
"86","","J:\Project\NTDS\data\LF\Exctracted PDFs\Msyamboza_Sentinel_Surveillance_LF_Schisto_STH_Rural_Malawi.pdf"
"87","","J:\Project\NTDS\data\LF\Exctracted PDFs\Abdel-Hamid_Geographical_Distr_Culicine_Relation_LF_El_Menoufia.pdf"
"88","#*#Author#*#Dorkenoo A, Sodahlon Y, Mathieu E, Dubray C. #*#Title#*#Progress toward elimination of Lymphatic Filariasis --- Togo, 2000--2009. #*#Journal#*#Morbidity and Mortality Weekly Report. #*#Date#*#2011;#*#Volume#*#60(29)#*#Pages#*#:989–91.","J:\Project\NTDS\data\LF\Exctracted PDFs\Dorkenoo_LF_Elimination_Togo.pdf"
"89","#*#Author#*#Simonsen PE, Magesa SM, Derua YA, Rwegoshora RT, Malecela MN, Pedersen EM. #*#Title#*#Monitoring lymphatic filariasis control in Tanzania: effect of repeated mass drug administration on circulating filarial antigen prevalence in young schoolchildren. #*#Journal#*#International Health. #*#Date#*#2011 Sep;#*#Volume#*#3(3)#*#Pages#*#:182–7.","J:\Project\NTDS\data\LF\Exctracted PDFs\Simonsen_LF_Control_Tanzania_Effect_MDA_Schoolchildren.pdf"
"90","","J:\Project\NTDS\data\LF\Exctracted PDFs\Finn_Integrated_Rapid_Mapping_South_Sudan.PDF"
"91","#*#Author#*#Lemnge MM, Mmbando BP, Segeja MD, Gesase S, Bygbjerg IC. #*#Title#*#Impact of insecticide treated mosquito nets and low dose monthly diethylcarbamazine on lymphatic filariasis infection between 1999 and 2004 in two endemic communities of north-eastern Tanzania. #*#Journal#*#Tanzania Journal of Health Research [Internet]. #*#Date#*#2012;#*#Volume#*#14(3). Available from: https://www.scopus.com/inward/record.uri?eid=2-s2.0-84868151711&partnerID=40&md5=f03adef2553946579f9ff8ab333df635
","J:\Project\NTDS\data\LF\Exctracted PDFs\Lemnge_Insectiside_Mosquito_Nets_and_DEC_NE_Tanzania.pdf"
"92","#*#Author#*#Jaoko WG, Michael E, Meyrowitsch DW, Estambale BBA, Malecela MN, Simonsen PE. #*#Title#*#Immunoepidemiology of Wuchereria bancrofti infection: parasite transmission intensity, filaria-specific antibodies, and host immunity in two East African communities. #*#Journal#*#Infect. Immun. #*#Date#*#2007 Dec;#*#Volume#*#75(12)#*#Pages#*#:5651–62.","J:\Project\NTDS\data\LF\Exctracted PDFs\Jaoko_Immunoepidemiology_W_Bancrofti_East_Africa.pdf"
"93","#*#Author#*#Abdel-Hamid YM, Soliman MI, Kenawy MA. #*#Title#*#Population ecology of mosquitoes and the status of bancroftian filariasis in El Dakahlia Governorate, the Nile delta, Egypt. #*#Journal#*#J Egypt Soc Parasitol. #*#Date#*#2013 Apr;#*#Volume#*#43(1)#*#Pages#*#:103–13.","J:\Project\NTDS\data\LF\Exctracted PDFs\Abdel-Hamid_Pop_Ecology_Mosquitos_Bancroftian_Filariasis_El_Dakahlia.pdf"
"94","","J:\DATA\JOURNAL_ARTICLES\PLOS_NEGL_TROP_DIS\2013"
"95","","J:\Project\NTDS\data\LF\Exctracted PDFs\Koroma_3_Rounds_MDA_LF_Sierra_Leone.PDF"
"96","","J:\DATA\ZAF\INCOME_AND_EXPENDITURE_SURVEY\2005_2006"
"97","","J:\DATA\JOURNAL_ARTICLES\AM_J_TROP_MED_HYG\2014"
"98","","J:\DATA\JOURNAL_ARTICLES\TRAVEL_MED_INFECT_DIS\2014"
"99","","J:\DATA\JOURNAL_ARTICLES\PLOS_NEGL_TROP_DIS\2014"
"100","","J:\DATA\JOURNAL_ARTICLES\PARASIT_VECTORS\2014"
"101","#*#Author#*#Moustafa MA, Thabet HS, Saad GA, El-Setouhy M, Mehrez M, Hamdy DM. #*#Title#*#Surveillance of lymphatic filariasis 5 years after stopping mass drug administration in Menoufiya Governorate, Egypt. #*#Journal#*#Eastern Mediterranean Health Journal. #*#Date#*#2014 May;#*#Volume#*#20(5)#*#Pages#*#:295–9.","J:\Project\NTDS\data\LF\Exctracted PDFs\Moustafa_Surveillance_LF_5Years_Stopping_MDA_Menoufiya_Egypt.pdf"
"102","#*#Author#*#Smith EL, Mkwanda SZ, Martindale S, Kelly-Hope LA, Stanton MC. #*#Title#*#Lymphatic filariasis morbidity mapping: a comprehensive examination of lymphoedema burden in Chikwawa district, Malawi. #*#Journal#*#Transactions of the Royal Society of Tropical Medicine and Hygiene. #*#Date#*#2014 Dec;#*#Volume#*#108(12)#*#Pages#*#:751–8. ","J:\Project\NTDS\data\LF\Exctracted PDFs\Smith_LF_Morbidity_Mapping_Chikwawa_Malawi.pdf"
"103","#*#Author#*#Stanton MC, Mkwanda S, Mzilahowa T, Bockarie MJ, Kelly-Hope LA. #*#Title#*#Quantifying filariasis and malaria control activities in relation to lymphatic filariasis elimination: a multiple intervention score map (MISM) for Malawi. #*#Journal#*#Tropical Medicine & International Health. #*#Date#*#2014 Feb;#*#Volume#*#19(2)#*#Pages#*#:224–35. ","J:\Project\NTDS\data\LF\Exctracted PDFs\Stanton_Quantifying_Filariasis_Malaria_Control_Malawi.pdf"
"104","","J:\DATA\JOURNAL_ARTICLES\AM_J_TROP_MED_HYG\2015"
"105","","J:\DATA\JOURNAL_ARTICLES\BULL_SOC_PATHOL_EXOT\2015"
"106","#*#Author#*#Endeshaw T, Taye A, Tadesse Z, Katabarwa MN, Shafi O, Seid T, Richards FO. #*#Title#*#Presence of Wuchereria bancrofti microfilaremia despite 7 years of annual ivermectin monotherapy mass drug administration for onchocerciasis control: a study in north-west Ethiopia. #*#Journal#*#Pathogens and Global Health. #*#Date#*#2015;#*#Volume#*#109(7)#*#Pages#*#:344–51.","J:\Project\NTDS\data\LF\Exctracted PDFs\Endeshaw_Presence_W_Bancrofti_7years_MDA.pdf"
"107","#*#Author#*#Gounoue-Kamkumo R, Nana-Djeunga HC, Bopda J, Akame J, Tarini A, Kamgno J. #*#Title#*#Loss of sensitivity of immunochromatographic test (ICT) for lymphatic filariasis diagnosis in low prevalence settings: consequence in the monitoring and evaluation procedures. #*#Journal#*#Bmc Infectious Diseases. #*#Date#*#2015 Dec 23;#*#Volume#*#15#*#Pages#*#:579. 
","J:\Project\NTDS\data\LF\Exctracted PDFs\Gounoue-Kamkumo_Loss_Sensitivity_ICT.pdf"
"108","#*#Author#*#Jones C, Tarimo DS, Malecela MN. #*#Title#*#Evidence of continued transmission of Wuchereria bancrofti and associated factors despite nine rounds of ivermectin and albendazole mass drug administration in Rufiji district, Tanzania. #*#Journal#*#Tanzania Journal of Health Research [Internet]. #*#Date#*#2015;#*#Volume#*#17(2). Available from: https://www.scopus.com/inward/record.uri?eid=2-s2.0-84927630770&partnerID=40&md5=18e1a1b6a53e90ba08b5797214152d18","J:\Project\NTDS\data\LF\Exctracted PDFs\Jones_Continued_Transmission_W_Bancrofti_9Rounds_MDA_Rufiji.pdf"
"109","#*#Author#*#Kouassi BL, de Souza DK, Goepogui A, Narh CA, King SA, Mamadou BS, Diakite L, Dadzie SK, Boakye DA, Utzinger J, Bockarie MJ, Koudou BG. #*#Title#*#Assessing the presence of Wuchereria bancrofti in vector and human populations from urban communities in Conakry, Guinea. #*#Journal#*#Parasites & Vectors. #*#Date#*#2015 Sep 26;#*#Volume#*#8#*#Pages#*#:492.","J:\Project\NTDS\data\LF\Exctracted PDFs\Kouassi_W_Bancrofti_Urban_Conakry_Guinea.pdf"
"110","#*#Author#*#Nana-Djeunga HC, Tchatchueng-Mbougua JB, Bopda J, Mbickmen-Tchana S, Elong-Kana N, Nnomzo’o E, Akame J, Tarini A, Zhang Y, Njiokou F, Kamgno J. #*#Title#*#Mapping of Bancroftian Filariasis in Cameroon: Prospects for Elimination. #*#Journal#*#Plos Neglected Tropical Diseases. #*#Date#*#2015 Sep;#*#Volume#*#9(9)#*#Pages#*#:e0004001. 
","J:\Project\NTDS\data\LF\Exctracted PDFs\Nana-Djeunga_Mapping_BF_Cameroon_Prospects_Elimination.PDF"
"111","#*#Author#*#Rebollo MP, Mohammed KA, Thomas B, Ame S, Ali SM, Cano J, Gonzalez Escalada A, Bockarie MJ. #*#Title#*#Cessation of Mass Drug Administration for Lymphatic Filariasis in Zanzibar in 2006: Was Transmission Interrupted? #*#Journal#*#Plos Neglected Tropical Diseases. #*#Date#*#2015 Mar;#*#Volume#*#9(3)#*#Pages#*#:e0003669.","J:\Project\NTDS\data\LF\Exctracted PDFs\Rebello_Cessation_MDA_LF_Zanzibar_2006_Interrupted_wData.pdf"
"112","#*#Author#*#Kroidl I, Saathof E, Maganga L, Clowes P, Maboko L, Hoerauf A, Makunde WH, Haule A, Mviombo P, Pitter B, Mgeni N, Mabuye J, Kowuor D, Mwingira U, Malecela MN, Loescher T, Hoelscher M. #*#Title#*#Prevalence of Lymphatic Filariasis and Treatment Effectiveness of Albendazole/Ivermectin in Individuals with HIV Co-infection in Southwest-Tanzania. #*#Journal#*#Plos Neglected Tropical Diseases. #*#Date#*#2016 Apr;#*#Volume#*#10(4)#*#Pages#*#:e0004618.","J:\Project\NTDS\data\LF\Exctracted PDFs\Kroidl_Prevalence_LF_Treatment_Effectiveness_Individuals_HIV_Southwest-Tanzania.PDF"
"113","","J:\Project\NTDS\data\LF\Exctracted PDFs\Chandra_Filariasis_Survey_W_Bengal.pdf"
"114","#*#Author#*#Prakash A, Mohapatra PK, Das HK, Sharma RK, Mahanta J. #*#Title#*#Bancroftian filariasis in Namrup tea estate, district Dibrugarh, Assam. #*#Journal#*#Indian J Public Health. #*#Date#*#1998 Dec;#*#Volume#*#42(4)#*#Pages#*#:103–7, 112. 
","J:\Project\NTDS\data\LF\Exctracted PDFs\Prakash_BF_Namrup_tea_estate_Assam.pdf"
"115","#*#Author#*#Fox LM, Wilson SF, Addiss DG, Louis-Charles J, Beau de Rochars MV, Lammie PJ. #*#Title#*#Clinical correlates of filarial infection in Haitian children: an association with interdigital lesions. #*#Journal#*#Am. J. Trop. Med. Hyg. #*#Date#*#2005 Oct;#*#Volume#*#73(4)#*#Pages#*#:759–65. 
","J:\Project\NTDS\data\LF\Exctracted PDFs\Fox_Clinical_correlates_filarial_infection_Haitian_children_interdigital_lesions.pdf"
"116","","J:\Project\NTDS\data\LF\Exctracted PDFs\Jamail_Field_validation_sensitivity_specificity_rapid_test_Bmalayi.pdf"
"117","","J:\Project\NTDS\data\LF\Exctracted PDFs\Chhotray_LF_Satyabadi_Puri_Orissa.pdf"
"118","#*#Author#*#Washington CH, Lovegrove MC, BeaudeRochars M, Sivilus JS, Addiss DG, Lammie PJ, Streit TG. #*#Title#*#Assessment of lymphatic filariasis transmission in areas of low prevalence in Haiti. #*#Journal#*#Journal of Investigative Medicine. #*#Date#*#2005 Jan;#*#Volume#*#53(1)#*#Pages#*#:S155–S155.","J:\Project\NTDS\data\LF\Exctracted PDFs\Washington_Assessment_LF_transmission_low_prevalence_Haiti.PDF"
"119","","J:\Project\NTDS\data\LF\Exctracted PDFs\Kumar_Filariasis_Ghatampur_Tahsil_Kanpur_Nagar_District.pdf"
"120"," #*#Author#*#Raina VK, Dhariwal AC, Ralhan PK, Tripathi VC, Wattal S, Singh S, Lal S. #*#Title#*#Bangalore slums free of filarial infection?? #*#Journal#*#J Commun Dis. #*#Date#*#2005 Dec;#*#Volume#*#37(4)#*#Pages#*#:327–8. 
","J:\Project\NTDS\data\LF\Exctracted PDFs\Raina_Bangalore_Slums_Free_of_Filarial_Infection.pdf"
"121","#*#Author#*#Kroidl I, Saathof E, Maganga L, Clowes P, Maboko L, Hoerauf A, Makunde WH, Haule A, Mviombo P, Pitter B, Mgeni N, Mabuye J, Kowuor D, Mwingira U, Malecela MN, Loescher T, Hoelscher M. #*#Title#*#Prevalence of Lymphatic Filariasis and Treatment Effectiveness of Albendazole/Ivermectin in Individuals with HIV Co-infection in Southwest-Tanzania. #*#Journal#*#Plos Neglected Tropical Diseases. #*#Date#*#2016 Apr;#*#Volume#*#10(4)#*#Pages#*#:e0004618.","J:\Project\NTDS\data\LF\Exctracted PDFs\Liang_Prevalance_LF_American_Samoa_three_years_social_mobilization_MDA.pdf"
"122","","J:\Project\NTDS\data\LF\Exctracted PDFs\Rajendran_Community-based_study_DEC_ALB_BF_Tamil_Nadu_south_India.pdf"
"123","#*#Author#*#Sunish IP, Rajendran R, Mani TR, Munirathinam A, Reuben R, Dash AP. #*#Title#*#Impact of single dose of diethylcarbamazine and other antifilarial drug combinations on bancroftian filarial infection variables: assessment after 2 years. #*#Journal#*#Parasitol. Int. #*#Date#*#2006 Sep;#*#Volume#*#55(3)#*#Pages#*#:233–6.","J:\Project\NTDS\data\LF\Exctracted PDFs\Sunish_Impact_single_dose_diethylcarbamazine_combinations_BF_variables_assessment_2_years.pdf"
"124","#*#Author#*#Vaishnav KG, Patel IC. #*#Title#*#Independent assessment of Mass Drug Administration in filariasis affected Surat city. #*#Journal#*#Journal of Communicable Diseases. #*#Date#*#2006;#*#Volume#*#38(2)#*#Pages#*#:149–54. 
","J:\Project\NTDS\data\LF\Exctracted PDFs\Vaishnav_Independent_assessment_MDA_filariasis_Surat_city.pdf"
"125","#*#Author#*#Sunish IP, Rajendran R, Mani TR, Munirathinam A, Dash AP, Tyagi BK. #*#Title#*#Vector control complements mass drug administration against bancroftian filariasis in Tirukoilur, India. #*#Journal#*#Bulletin of the World Health Organization. #*#Date#*#2007 Feb;#*#Volume#*#85(2)#*#Pages#*#:138–45.","J:\Project\NTDS\data\LF\Exctracted PDFs\Sunish_Vector_control_complements_MDA_BF_India.pdf"
"126","#*#Author#*#Khan AM, Dutta P, Khan SA, Mahanta J. #*#Title#*#A focus of lymphatic filariasis in a tea garden worker community of central Assam. #*#Journal#*#J Environ Biol. #*#Date#*#2004 Oct;#*#Volume#*#25(4)#*#Pages#*#:437–40.","J:\Project\NTDS\data\LF\Exctracted PDFs\Khan_Focus_LF_Tea_Garden_Assam.pdf"
"127","","J:\Project\NTDS\data\LF\Exctracted PDFs\Medeiros_epidemiological_delimitation_LF_Brazil_41_years_first_recorded_case.pdf"
"128","#*#Author#*#Bal MS, Beuria MK, Mandal NN, Das MK. #*#Title#*#Antigenemia in young children living in Wuchereria bancrofti-endemic areas of Orissa, India. #*#Journal#*#Transactions of the Royal Society of Tropical Medicine and Hygiene. #*#Date#*#2009 Mar;#*#Volume#*#103(3)#*#Pages#*#:262–5. 
","J:\Project\NTDS\data\LF\Exctracted PDFs\Bal_Antigenemia_young_children_Wbancrofti_India.pdf"
"129","","J:\Project\NTDS\data\LF\Exctracted PDFs\Jiraamonnimit_cohort_study _anti-filarial_ IgG4_MDA-compliant_subjects_BF_Thailand.pdf"
"130","#*#Author#*#Regu K, Showkath Ali MK, Rajendran R, Koya SM, Ganesh B, Dhariwal AC, Lal S. #*#Title#*#Mass drug administration against lymphatic filariasis: Experiences from Kozhikode district of Kerala State. #*#Journal#*#Journal of Communicable Diseases. #*#Date#*#2006;#*#Volume#*#38(4)#*#Pages#*#:333–8. 
","J:\Project\NTDS\data\LF\Exctracted PDFs\Regu_MDA_Against_LF_Kozhikode District.pdf"
"131","","J:\Project\NTDS\data\LF\Exctracted PDFs\Ramaiah_Prolonged_persistence_residual_WB_cessation_salt_programme.pdf"
"132","","J:\Project\NTDS\data\LF\Exctracted PDFs\Shenoy_Relevance_anti-BmR1_IgG4_antibodies_children_Bmalayi_Kerala_India.pdf"
"133","","J:\DATA\JOURNAL_ARTICLES\J_COMMUN_DIS\2009"
"134","#*#Author#*#Won KY, de Rochars MB, Kyelem D, Streit TG, Lammie PJ. #*#Title#*#Assessing the Impact of a Missed Mass Drug Administration in Haiti. #*#Journal#*#Plos Neglected Tropical Diseases. #*#Date#*#2009 Aug;#*#Volume#*#3(8)#*#Pages#*#:e443. 
","J:\Project\NTDS\data\LF\Exctracted PDFs\Won_Assessing_Impact_Missed_MDA_Haiti.PDF"
"135","#*#Author#*#Grady CA, De Rochars MB, Direny AN, Orelus JN, Wendt J, Radday J, Mathieu E, Roberts JM, Streit TG, Addiss DG, Lammie PJ. #*#Title#*#Endpoints for lymphatic filariasis programs. #*#Journal#*#Emerging Infectious Diseases. #*#Date#*#2007;#*#Volume#*#13(4)#*#Pages#*#:608–10.","J:\Project\NTDS\data\LF\Exctracted PDFs\Grady_Endpoints_LF_Programs.pdf"
"136","","J:\Project\NTDS\data\LF\Exctracted PDFs\Al_Awaidy_Absence_LF_Schoochildren_Oman.pdf"
"137","#*#Author#*#Supali T, Djuardi Y, Wibowo H, van Ree R, Yazdanbakhsh M, Sartono E. #*#Title#*#Relationship between Different Species of Helminths and Atopy: A Study in a Population Living in Helminth-Endemic Area in Sulawesi, Indonesia. #*#Journal#*#International Archives of Allergy and Immunology. #*#Date#*#2010;#*#Volume#*#153(4)#*#Pages#*#:388–94.","J:\Project\NTDS\data\LF\Exctracted PDFs\Supali_Relationship_Species_Helminths_Atopy_Study_Population_Sulawesi_Indonesia.pdf"
"138","#*#Author#*#Akogun OB, Akogun MK, Apake E, Kale OO. #*#Title#*#Rapid community identification, pain and distress associated with lymphoedema and adenolymphangitis due to lymphatic filariasis in resource-limited communities of North-eastern Nigeria. #*#Journal#*#Acta Trop. #*#Date#*#2011 Sep;#*#Volume#*#120 Suppl 1#*#Pages#*#:S62-68.","J:\Project\NTDS\data\LF\Exctracted PDFs\Akogun_Rapid_community_identification_pain_lymphoedema_adenolymphangitis_LF_resource-limited_Nigeria.pdf"
"139","#*#Author#*#Al-Kubati AS, Al Qubati Y, Ismail W, Laney SJ, El-Setouhy M, Gad AM, Ramzy RMR. #*#Title#*#Impact of polystyrene beads as a mosquito control measure to supplement lymphatic filariasis elimination activities in Socotra Island, Yemen. #*#Journal#*#Eastern Mediterranean Health Journal. #*#Date#*#2011;#*#Volume#*#17(7)#*#Pages#*#:560–4. 
","J:\Project\NTDS\data\LF\Exctracted PDFs\Al-Kubati_Impact_Polystyrene_mosquito_control.pdf"
"140","#*#Author#*#Kroidl I, Saathof E, Maganga L, Clowes P, Maboko L, Hoerauf A, Makunde WH, Haule A, Mviombo P, Pitter B, Mgeni N, Mabuye J, Kowuor D, Mwingira U, Malecela MN, Loescher T, Hoelscher M. #*#Title#*#Prevalence of Lymphatic Filariasis and Treatment Effectiveness of Albendazole/Ivermectin in Individuals with HIV Co-infection in Southwest-Tanzania. #*#Journal#*#Plos Neglected Tropical Diseases. #*#Date#*#2016 Apr;#*#Volume#*#10(4)#*#Pages#*#:e0004618.","J:\Project\NTDS\data\LF\Exctracted PDFs\Itoh_Effects_5_rounds_MDA_diethylcarbamazine_albendazole_IgG4_titers_urine_6-year_Sri_Lanka.pdf"
"141","#*#Author#*#Joseph H, Moloney J, Maiava F, McClintock S, Lammie P, Melrose W. #*#Title#*#First evidence of spatial clustering of lymphatic filariasis in an Aedes polynesiensis endemic area. #*#Journal#*#Acta Tropica. #*#Date#*#2011 Sep;#*#Volume#*#120#*#Pages#*#:S39–47.","J:\Project\NTDS\data\LF\Exctracted PDFs\Joseph_First_evidence_spatial_clustering_LF_Aedes_polynesiensis_endemic_area.pdf"
"142","#*#Author#*#Saha AK, Mohanta MK. #*#Title#*#Bancroftian elephantiasis in Nilphamari, Bangladesh. #*#Journal#*#Mymensingh Med J. #*#Date#*#2011 Jan;#*#Volume#*#20(1)#*#Pages#*#:40–4.","J:\Project\NTDS\data\LF\Exctracted PDFs\Saha_Bancroftian_elephantiasis_Nilphamari_Bangladesh.pdf"
"143","","file:///J:/DATA/JOURNAL_ARTICLES/REV_BRAS_EPIDEMIOL/2004/MEDEIROS_LYMPHATIC_FILARIASIS_IN_MORENO_Y2015M06D17.PDF"
"144","","J:\Project\NTDS\data\LF\Exctracted PDFs\Medeiros_Using_kernel_density_estimates_LF_Brazil.pdf"
"145","#*#Author#*#Noordin R, Muhi J, Idris MZ, Arifin N, Kiyu A. #*#Title#*#Duration of detection of anti-BmR1 IgG4 antibodies after mass-drug administration (MDA) in Sarawak, Malaysia. #*#Journal#*#Tropical Biomedicine. #*#Date#*#2012 Mar;#*#Volume#*#29(1)#*#Pages#*#:191–6. 
","J:\Project\NTDS\data\LF\Exctracted PDFs\Noordin_Duration_detection_anti-BmR1_IgG4_antibodies_MDA_Sarawak_Malaysia.pdf"
"146","","J:/DATA/JOURNAL_ARTICLES/AM_J_TROP_MED_HYG/2014"
"147","#*#Author#*#Lau CL, Won KY, Becker L, Magalhaes RJS, Fuimaono S, Melrose W, Lammie PJ, Graves PM. #*#Title#*#Seroprevalence and Spatial Epidemiology of Lymphatic Filariasis in American Samoa after Successful Mass Drug Administration. #*#Journal#*#Plos Neglected Tropical Diseases. #*#Date#*#2014 Nov;#*#Volume#*#8(11)#*#Pages#*#:e3297. 
","J:\Project\NTDS\data\LF\Exctracted PDFs\Lau_Seroprevalence_Spatial_Epidemiology_LF_American_Samoa_MDA.PDF"
"148","#*#Author#*#Brandao E, Bonfim C, Alves A, Oliveira C, Montenegro CE, Costa T, Maciel A, Medeiros Z. #*#Title#*#Lymphatic filariasis among children and adolescents: spatial identification via socio-environmental indicators to define priority areas for elimination. #*#Journal#*#International Health. #*#Date#*#2015 Sep;#*#Volume#*#7(5)#*#Pages#*#:324–31. 
","J:\Project\NTDS\data\LF\Exctracted PDFs\Brandao_LF_children_adolescents_spatial_identification_socio-environmental_indicators_priority_areas_elimination.pdf"
"149","#*#Author#*#Dewi RM, Tuti S, Ganefa S, Anwar C, Larasati R, Ariyanti E, Herjati H, Brady M. #*#Title#*#Brugia Rapid (TM) antibody responses in communities of Indonesia in relation to the results of “transmission assessment surveys” (TAS) for the lymphatic filariasis elimination program. #*#Journal#*#Parasites & Vectors. #*#Date#*#2015 Oct 1;#*#Volume#*#8#*#Pages#*#:499.","J:\Project\NTDS\data\LF\Exctracted PDFs\Dewi_Brugia_Rapid_antibody_responses_Indonesia_TAS_LF_elimination_program.pdf"
"150","#*#Author#*#Hafiz I, Graves P, Haq R, Flora MS, Kelly-Hope LA. #*#Title#*#Clinical case estimates of lymphatic filariasis in an endemic district of Bangladesh after a decade of mass drug administration. #*#Journal#*#Transactions of the Royal Society of Tropical Medicine and Hygiene. #*#Date#*#2015 Nov;#*#Volume#*#109(11)#*#Pages#*#:700–9.","J:\Project\NTDS\data\LF\Exctracted PDFs\Hafiz_Clinical_case_estimates_LF_Bangladesh_decade_MDA.pdf"
"151","#*#Author#*#Yahathugoda TC, Supali T, Rao RU, Djuardi Y, Stefani D, Pical F, Fischer PU, Lloyd MM, Premaratne PH, Weerasooriya MV, Weil GJ. #*#Title#*#A comparison of two tests for filarial antigenemia in areas in Sri Lanka and Indonesia with low-level persistence of lymphatic filariasis following mass drug administration. #*#Journal#*#Parasit Vectors. #*#Date#*#2015;#*#Volume#*#8#*#Pages#*#:369.","J:\Project\NTDS\data\LF\Exctracted PDFs\Yahathugoda_comparison_two_tests_filarial_antigenemia_Sri_Lanka_Indonesia_LF_MDA.pdf"
"152"," #*#Author#*#Lemoine JF, Desormeaux AM, Monestime F, Fayette CR, Desir L, Direny AN, Carciunoiu S, Miller L, Knipes A, Lammie P, Smith P, Stockton M, Trofimovich L, Bhandari K, Reithinger R, Crowley K, Ottesen E, Baker M. #*#Title#*#Controlling Neglected Tropical Diseases (NTDs) in Haiti: Implementation Strategies and Evidence of Their Success. #*#Journal#*#PLoS Negl Trop Dis. #*#Date#*#2016 Oct;#*#Volume#*#10(10)#*#Pages#*#:e0004954. 
","J:\Project\NTDS\data\LF\Exctracted PDFs\Lemoine_Controlling_NTDs_Haiti_Implementation_Strategies_Success.PDF"
"153","#*#Author#*#Netto MJ, Bonfim C, Brandao E, Aguiar-Santos AM, Medeiros Z. #*#Title#*#Burden of lymphatic filariasis morbidity in an area of low endemicity in Brazil. #*#Journal#*#Acta Tropica. #*#Date#*#2016 Nov;#*#Volume#*#163#*#Pages#*#:54–60.","J:\Project\NTDS\data\LF\Exctracted PDFs\Netto_Burden_LF_morbidity_low_endemicity_Brazil.pdf"
"154","#*#Author#*#Priest JW, Jenks MH, Moss DM, Mao B, Buth S, Wannemuehler K, Soeung SC, Lucchi NW, Udhayakumar V, Gregory CJ, Huy R, Muth S, Lammie PJ. #*#Title#*#Integration of Multiplex Bead Assays for Parasitic Diseases into a National, Population-Based Serosurvey of Women 1539 Years of Age in Cambodia. #*#Journal#*#Plos Neglected Tropical Diseases. #*#Date#*#2016 May;#*#Volume#*#10(5)#*#Pages#*#:e0004699. 
","J:\Project\NTDS\data\LF\Exctracted PDFs\Priest_Integration_Multiplex_Bead_Assays_Parasitic_Diseases_Serosurvey_Women_Cambodia.PDF"
"155","#*#Author#*#Rao RU, Samarasekera SD, Nagodavithana KC, Punchihewa MW, Dassanayaka TDM, Gamini PKD, Ford E, Ranasinghe USB, Henderson RH, Weil GJ. #*#Title#*#Programmatic Use of Molecular Xenomonitoring at the Level of Evaluation Units to Assess Persistence of Lymphatic Filariasis in Sri Lanka. #*#Journal#*#Plos Neglected Tropical Diseases. #*#Date#*#2016 May;#*#Volume#*#10(5)#*#Pages#*#:e0004722.","J:\Project\NTDS\data\LF\Exctracted PDFs\Rao_Programmatic_Molecular_Xenomonitoring_Evaluation_Units_Persistence_LF_Sri_Lanka.PDF"
"156","#*#Author#*#Rosanti TI, Mardihusodo SJ, Artama WT. #*#Title#*#Directly observed treatment increases drug compliance in lymphatic filariasis mass drug administration. #*#Journal#*#Universa Medicina. #*#Date#*#2016 Aug;#*#Volume#*#35(2)#*#Pages#*#:119–27.","J:\Project\NTDS\data\LF\Exctracted PDFs\Rosanti_Directly_observed_treatment_drug_compliance_LF_MDA.pdf"
"157","#*#Author#*#Graves PM, Makita L, Susapu M, Brady MA, Melrose W, Capuano C, Zhang Z, Dapeng L, Ozaki M, Reeve D, Ichimori K, Kazadi WM, Michna F, Bockarie MJ, Kelly-Hope LA. #*#Title#*#Lymphatic filariasis in Papua New Guinea: distribution at district level and impact of mass drug administration, 1980 to 2011. #*#Journal#*#Parasites & Vectors. #*#Date#*#2013 Jan 11;#*#Volume#*#6#*#Pages#*#:7.","J:\Project\NTDS\data\LF\Exctracted PDFs\Graves_LF_PNG_Impact_MDA.pdf"
"158","#*#Author#*#Tisch DJ, Bockarie MJ, Dimber Z, Kiniboro B, Tarongka N, Hazlett FE, Kastens W, Alpers MP, Kazura JW. #*#Title#*#Mass drug administration trial to eliminate lymphatic filariasis in Papua New Guinea: Changes in microfilaremia, filarial antigen, and Bm14 antibody after cessation. #*#Journal#*#American Journal of Tropical Medicine and Hygiene. #*#Date#*#2008 Feb;#*#Volume#*#78(2)#*#Pages#*#:289–93.","J:\Project\NTDS\data\LF\Exctracted PDFs\Tisch_MDA_trial_eliminate_LF_PNG_Changes_after_cessation.pdf"
"159","#*#Author#*#Melrose W, Pisters P, Turner P, Kombati Z, Selve BP, Hii Jeffrey null, Speare R. #*#Title#*#Prevalence of filarial antigenaemia in Papua Nnew Guinea: results of surveys by the School of Public Health and Tropical Medicine, James Cook University, Townsville, Australia. #*#Journal#*#P N G Med J. #*#Date#*#2000 Dec;#*#Volume#*#43(3–4)#*#Pages#*#:161–5.","J:\Project\NTDS\data\LF\Exctracted PDFs\Melrose_Prevalence_Filarial_Antigenaemia_PNG.pdf"
"160","#*#Author#*#Reeve D. #*#Title#*#Comparative accuracy and “field-friendly” effectiveness of diagnostic tools for lymphatic filariasis and neurocysticercosis in Papua New Guinea and Timor Leste with consideration on the impact on parasite reduction programs [Internet] [PhD]. James Cook University, School of Public Health, Tropical Medicine and Rehabilitation Sciences; #*#Date#*#2010 [cited 2017 Jan 18]. Available from: http://researchonline.jcu.edu.au/19042/2/02whole.pdf","J:\Project\NTDS\data\LF\Exctracted PDFs\Reeve_Comparative_Accuracy_Effectiveness_Diagnostics_LF_PNG.pdf"
"161","","J:\Project\NTDS\data\LF\Exctracted PDFs\Schuurkamp_DEC_Control_Bancroftian_Filariasis_Ok_Tedi_PNG_phase2.pdf"
"162","","J:\Project\NTDS\data\LF\Exctracted PDFs\Burkot_Untreated_bed_nets_P_falciparum_W_Bancrofti.pdf"
"163","","J:\DATA\JOURNAL_ARTICLES\PLOS_NEGL_TROP_DIS\2015"
"164","","J:\DATA\JOURNAL_ARTICLES\PLOS_NEGL_TROP_DIS\2016"
"165","#*#Author#*#Rosanti TI, Mardihusodo SJ, Artama WT. #*#Title#*#Directly observed treatment increases drug compliance in lymphatic filariasis mass drug administration. #*#Journal#*#Universa Medicina. #*#Date#*#2016 Aug;#*#Volume#*#35(2)#*#Pages#*#:119–27. 
","J:\Project\NTDS\data\LF\Exctracted PDFs\Hemer_Health_care_Lihir.pdf"
"166","#*#Author#*#Bockarie MJ, Weil GJ, Kastens W, Susapu M, Dagoro H, Tarongka N, Baisor M, Michael E, King C, Kazura JW. #*#Title#*#Effect of mass drug administration on transmission of lymphatic filariasis in Madang province of Papua New Guinea. #*#Journal#*#American Journal of Tropical Medicine and Hygiene. #*#Date#*#2006 Nov;#*#Volume#*#75(5)#*#Pages#*#:298–298.","J:\Project\NTDS\data\LF\Exctracted PDFs\Bockarie_Effect_MDA_Madang_PNG.pdf"
"167","#*#Author#*#Tisch DJ, Hazlett FE, Bockarie MJ, Kastens W, Kazura JW. #*#Title#*#Long term effect of mass drug administration on the presence of antibodies against Bm14 as a measure of lymphatic filariasis exposure and infection in Papua New Guinea. #*#Journal#*#American Journal of Tropical Medicine and Hygiene. #*#Date#*#2006 Nov;#*#Volume#*#75(5)#*#Pages#*#:100–1. 
","J:\Project\NTDS\data\LF\Exctracted PDFs\Tisch_Long_Term_Effect_MDA_Antibodies_BM14.pdf"
"168","","J:\Project\NTDS\data\LF\Exctracted PDFs\Tisch_Reduction_Acute_Filariasis_Morbidity_MDA_LF_PNG.PDF"
"169","","J:\DATA\JOURNAL_ARTICLES\N_ENGL_J_MED\2013"
"170","","J:\Project\NTDS\data\LF\Exctracted PDFs\Singh_Sequential_Modelling_Mass_Drug_Treatments_Anopheline-Mediated_LF_PNG.PDF"
"171","#*#Author#*#Turner P, Copeman B, Gerisi D, Speare R. #*#Title#*#A comparison of the Og4C3 antigen capture ELISA, the Knott test, an IgG4 assay and clinical signs, in the diagnosis of Bancroftian filariasis. #*#Journal#*#Trop. Med. Parasitol. #*#Date#*#1993 Mar;#*#Volume#*#44(1)#*#Pages#*#:45–8.","J:\Project\NTDS\data\LF\Exctracted PDFs\Turner_Comparison_Og4C3_Knott_IgG4.pdf"
"172","#*#Author#*#Bockarie MJ, Jenkins C, Blakie WM, Lagog M, Alpers MP. #*#Title#*#Control of lymphatic filariasis in a hunter-gatherer group in Madang Province. #*#Journal#*#Papua and New Guinea Medical Journal. #*#Date#*#2000;#*#Volume#*#(3–4)#*#Pages#*#:196–202.","J:\Project\NTDS\data\LF\Exctracted PDFs\Bockarie_Control_LF_hunter-gatherer_group_Madang_Province.pdf"
"173","","J:\Project\NTDS\data\LF\Exctracted PDFs\Bockarie_Untreated_Bednets_PNG.pdf"
"174","#*#Author#*#Bockarie MJ, Tavul L, Ibam I, Kastens W, Hazlett F, Tisch DJ, Alpers MP, Kazura JW. #*#Title#*#Efficacy of single-dose diethylcarbamazine compared with diethylcarbamazine combined with albendazole against Wuchereria bancrofti infection in Papua New Guinea. #*#Journal#*#American Journal of Tropical Medicine and Hygiene. #*#Date#*#2007 Jan;#*#Volume#*#76(1)#*#Pages#*#:62–6. 
","J:\Project\NTDS\data\LF\Exctracted PDFs\Bockarie_Efficacy_single-dose_diethylcarbamazine_compared_combined_Wbancrofti_PNG.pdf"
"175","","J:\Project\NTDS\data\LF\Exctracted PDFs\Weil_Impact_Repeated_Rounds_MDA_Diethylcarbamazine_Albendazole_BF_PNG.PDF"
"176"," #*#Author#*#Sapak P, Williams G. #*#Title#*#The influence of bed nets on Bancroftian Filariasis in Buhutu Valley, Papua New Guinea. #*#Journal#*#Pacific Health Dialog. #*#Date#*#1997;#*#Volume#*#4(1)#*#Pages#*#:35–8","J:\Project\NTDS\data\LF\Exctracted PDFs\Sapak_Bednets_Buhutu_PNG.pdf"
"177","","J:\Project\NTDS\data\LF\Exctracted PDFs\Sapak_Mass_Single_dose_PNG.pdf"
"178","#*#Author#*#Sapak P, Valley A, Giurina P, Maibani C. #*#Title#*#Diurnal sub-periodic Bancroftian filariasis in Dogura, Papua New Guinea. #*#Journal#*#Pacific Health Dialog. #*#Date#*#1998;#*#Volume#*#5(1)#*#Pages#*#:38–40.","J:\Project\NTDS\data\LF\Exctracted PDFs\Sapak_Diurnal_sub-periodic_Bancroftian_filariasis_Dogura.pdf"
"179","#*#Author#*#Sapak P, Melrose W, Durrheim D, Pawa F, Wynd S, Leggat P, Taufa T, Bockarie M. #*#Title#*#EVALUATION OF THE LYMPHATIC FILARIASIS CONTROL PROGRAM, SAMARAI MURUA DISTRICT, PAPUA NEW GUINEA. James Cook University; #*#Date#*#2004 Aug.","J:\Project\NTDS\data\LF\Exctracted PDFs\Sapak_Evaluation_LF_Control_Program_Samarai_Murua_PNG.pdf"
"180","","J:\Project\NTDS\data\LF\Exctracted PDFs\Hii_epidemiology_control_LF_Lihir_Island_New_Ireland_Province.pdf"
"181","","J:\Project\NTDS\data\LF\Exctracted PDFs\Mitja_Impact_Filariasis_Control_Program_PNG.PDF"
"182","","J:\Project\NTDS\data\LF\Exctracted PDFs\Kazura_Transmission_intensity_Wbancrofti_PNG.pdf"
"183","#*#Author#*#Bockarie MJ, Alexander NDE, Hyun P, Dimber Z, Bockarie F, Ibam E, Alpers MP, Kazura JW. #*#Title#*#Randomised community-based trial of annual single-dose diethylcarbamazine with or without ivermectin against Wuchereria bancrofti infection in human beings and mosquitoes. #*#Journal#*#Lancet. #*#Date#*#1998;#*#Volume#*#351(9097)#*#Pages#*#:162–8. 
","J:\Project\NTDS\data\LF\Exctracted PDFs\Bockarie_Randomised_trial_Wbancrofti_human_mosquitoes.pdf"
"184","#*#Author#*#Tisch DJ, Hazlett FE, Kastens W, Alpers MP, Bockarie MJ, Kazura JW. #*#Title#*#Ecologic and biologic determinants of filarial antigenemia in bancroftian filariasis in Papua New Guinea. #*#Journal#*#Journal of Infectious Diseases. #*#Date#*#2001 Oct 1;#*#Volume#*#184(7)#*#Pages#*#:898–904.","J:\Project\NTDS\data\LF\Exctracted PDFs\Tisch_Ecologic_biologic_determinants_filarial_antigenemia_BF_PNG (1).pdf"
"185"," #*#Author#*#Selve BP, Bwadua S, Misa M, James K, Usurup JP, Turner P, Melrose W, Yad W, Samuel R, Eddie C. #*#Title#*#Community empowerment in the control of lymphatic filariasis in Misima, Milne Bay Province using diethylcarbamazine in combination with albendazole. #*#Journal#*#Papua and New Guinea Medical Journal. #*#Date#*#2000;#*#Volume#*#(3–4)#*#Pages#*#:183–7. 
","J:\Project\NTDS\data\LF\Exctracted PDFs\Selve_Community_Empowerment_LF_Misima.pdf"
"186","#*#Author#*#Upadhayula SM, Mutheneni SR, Kumaraswamy S, Kadiri MR. #*#Title#*#Assessment of microfilaria prevalence in Karimnagar and Chittoor Districts of Andhra Pradesh, India. #*#Journal#*#Asian Pacific Journal of Tropical Medicine. #*#Date#*#2010 Aug;#*#Volume#*#3(8)#*#Pages#*#:647–50. 
","J:\Project\NTDS\data\LF\Exctracted PDFs\Upadhayula_Assessment_microfilaria_prevalence_India.pdf"
"187","#*#Author#*#Khan AM, Dutta P, Khan SA, Baruah NK, Sharma CK, Mahanta J. #*#Title#*#Bancroftian filariasis in a weaving community of lower Assam. #*#Journal#*#J Commun Dis. #*#Date#*#1999 Mar;#*#Volume#*#31(1)#*#Pages#*#:61–2.","J:\Project\NTDS\data\LF\Exctracted PDFs\Khan_Bancroftian_filariasis_weaving_community_Assam.pdf"
"188","#*#Author#*#Chhotray GP, Ranjit MR, Mohapatra M. #*#Title#*#Occurrence of asymptomatic microscopic haematuria in a filarial endemic area of Orissa, India. #*#Journal#*#J Commun Dis. #*#Date#*#2000 Jun;#*#Volume#*#32(2)#*#Pages#*#:85–93.","J:\Project\NTDS\data\LF\Exctracted PDFs\Chhotray_Haematuria_Orissa_India.pdf"
"189","#*#Author#*#Chandrasena NTGA, Premaratna R, Samarasekera DS, Silva D, R N. #*#Title#*#Surveillance for transmission of lymphatic filariasis in Colombo and Gampaha districts of Sri Lanka following mass drug administration. #*#Journal#*#Trans R Soc Trop Med Hyg. #*#Date#*#2016 Dec 1;#*#Volume#*#110(10)#*#Pages#*#:620–2.","J:\Project\NTDS\data\LF\Exctracted PDFs\Chandrasena_Surveillance_LF_Colombo_Gampaha_MDA.pdf"
"190","#*#Author#*#Das PK, Manoharan A, Subramanian S, Ramaiah KD, Pani SP, Rajavel AR, Rajagopalan PK. #*#Title#*#Bancroftian filariasis in Pondicherry, south India--epidemiological impact of recovery of the vector population. #*#Journal#*#Epidemiol. Infect. #*#Date#*#1992 Jun;#*#Volume#*#108(3)#*#Pages#*#:483–93.","J:\Project\NTDS\data\LF\Exctracted PDFs\Das_Bancroftian_filariasis_Pondicherry_Recovery_Vector_Population.pdf"
"191","","J:\Project\NTDS\data\LF\Exctracted PDFs\Singh_Filarial_Transmission_Non-endemic_Pathankot.pdf"
"192","#*#Author#*#Das LK, Pani SP, Vanamail P, Vijayalakshmi G, DeBritto LJ. #*#Title#*#Cost-effective antigen testing for delimitation, monitoring and evaluation in bancroftian filariasis. #*#Journal#*#European Journal of Clinical Microbiology & Infectious Diseases. #*#Date#*#2012 Aug;#*#Volume#*#31(8)#*#Pages#*#:2069–75.","J:\Project\NTDS\data\LF\Exctracted PDFs\Das_Cost-effective_antigen_testing_delimitation_monitoring_evaluation_BF.pdf"
"193","#*#Author#*#Karunakaran U. #*#Title#*#Assessment of mass drug administration program to eliminate lymphatic filariasis in an urban endemic area of filariasis in North Kerala, India. #*#Journal#*#International Journal of Infectious Diseases. #*#Date#*#2012 Jun;#*#Volume#*#16#*#Pages#*#:E163–E163. 
","J:\Project\NTDS\data\LF\Exctracted PDFs\Karunakaran_Assessment_MDA_LF_North_Kerala_India.pdf"
"194","#*#Author#*#Vaishnav KG, Desai HS, Srivastava PK, Joshi PT, Kurian G, Thakor HG, Dhariwal AC. #*#Title#*#Impact of Mass Drug Administration on elimination of Lymphatic filariasis in Surat city, India. #*#Journal#*#Journal of Communicable Diseases. #*#Date#*#2012;#*#Volume#*#44(4)#*#Pages#*#:251–9.","J:\Project\NTDS\data\LF\Exctracted PDFs\Vaishnav_Impact_MDA_elimination_LF_Surat_India.pdf"
"195","","J:/DATA/JOURNAL_ARTICLES/BMC_INFECT_DIS/2014/SALIM_ENTEROBIASIS_STRONGYLOIDIASIS_ASSOCIATED_CO_INFECTIONS_MORBIDITY_MARKERS_INFANTS__PRESCHOOL__SCHOOL_AGED_CHILDREN_FROM_RURAL_COASTAL_TANZANIA_Y2015M08D26.PDF"
"196","#*#Author#*#Gayen P, Maitra S, Datta S, Babu SPS. #*#Title#*#Evidence for Wolbachia symbiosis in microfilariae of Wuchereria bancrofti from West Bengal, India. #*#Journal#*#J. Biosci. #*#Date#*#2010 Mar;#*#Volume#*#35(1)#*#Pages#*#:73–7.","J:\Project\NTDS\data\LF\Exctracted PDFs\Gayen_Evidence_Wolbachia_Wuchereria_Bancrofti_W_Bengal.pdf"
"197","#*#Author#*#Nujum ZT, KR LIA, Haran JC, Vijayakumar K, Prabhakaran ST, Noushad SA. #*#Title#*#Need for a differential criteria to stop mass drug administration, based on an epidemiological perspective of lymphatic filariasis in Thiruvananthapuram, Kerala, India. #*#Journal#*#Asian Pacific Journal of Tropical Disease [Internet]. #*#Date#*#2014;#*#Volume#*#4(S1). Available from: https://www.scopus.com/inward/record.uri?eid=2-s2.0-84893435860&partnerID=40&md5=e951fb7eb51b5835297ea9bc86f155c3","J:\Project\NTDS\data\LF\Exctracted PDFs\Nujum_Need_Criteria_Stop_MDA_Kerala.pdf"
"198","","J:\DATA\JOURNAL_ARTICLES\ACTA_TROP\2014"
"199","#*#Author#*#Srivastava PK, Krishnamoorthy K, Govenkar S, Perni S, Dalvi S, Subramanain S, Dhariwal AC, Bhattacharjee J, Dash AP. #*#Title#*#Elimination of lymphatic filariasis in goa: First successful transmission assessment survey in India. #*#Journal#*#Journal of Communicable Diseases. #*#Date#*#2014;#*#Volume#*#46(2)#*#Pages#*#:7–16.","J:\Project\NTDS\data\LF\Exctracted PDFs\Srivastava_Elimination_LF_Goa_First_successful_transmission_assessment_survey_India.pdf"
"200","#*#Author#*#Itoh M, Wu W, Sun D, Yao L, Li Z, Islam MZ, Chen R, Zhang K, Wang F, Zhu S, Kimura E. #*#Title#*#Confirmation of elimination of lymphatic filariasis by an IgG4 enzyme-linked immunosorbent assay with urine samples in Yongjia, Zhejiang Province and Gaoan, Jiangxi Province, People’s Republic of China. #*#Journal#*#Am. J. Trop. Med. Hyg. #*#Date#*#2007 Aug;#*#Volume#*#77(2)#*#Pages#*#:330–3.","J:\Project\NTDS\data\LF\Exctracted PDFs\Itoh_Confirmation_elimination_LF_IgG4_enzyme-linked_urine_samples_China.pdf"
"201","#*#Author#*#Zhong CH, Zhen TM. #*#Title#*#Control and surveillance of filariasis in Shandong. #*#Journal#*#Chin. Med. J. #*#Date#*#1991 Mar;#*#Volume#*#104(3)#*#Pages#*#:179–85.","J:\Project\NTDS\data\LF\Exctracted PDFs\Zhong_Control_Surveillance_Filariasis_Shandong.pdf"
"202","","J:\Project\NTDS\data\LF\Exctracted PDFs\Liu_Mass_Treatment_Filariasis_DEC_Salt.pdf"
"203","#*#Author#*#Huang B-C, Li J, Hu Y-X, Duan J-H, Yin K, Xiao T, Deng X-L, Jia F-J, Wu X-Y. #*#Title#*#Study on application of filarial specific IgG4 kit in disease surveillance of lymphatic filariasis. #*#Journal#*#International Journal of Clinical and Experimental Medicine. #*#Date#*#2016;#*#Volume#*#9(2)#*#Pages#*#:4332–9.","J:\Project\NTDS\data\LF\Exctracted PDFs\Huang_Study_application_filarial_specific_IgG4_disease_surveillance_LF.pdf"
"204","","J:\Project\NTDS\data\LF\Exctracted PDFs\WHO_Report_2004.pdf"
"205","","J:\Project\NTDS\data\LF\Exctracted PDFs\Li_Residual_Focus_Filariasis_After_Interruption_Guangxi_GARBLED_VERSION.pdf"
"206","#*#Author#*#Xu X-Z, Jin X-L, Cao H-J, Qian Y-X, Shen M-X, Jiang W-C, Sun F-H. #*#Title#*#[Process for lymphatic filariasis elimination in Jiangsu Province, China]. #*#Journal#*#Zhongguo Xue Xi Chong Bing Fang Zhi Za Zhi. #*#Date#*#2011 Apr;#*#Volume#*#23(2)#*#Pages#*#:207–10.","J:\Project\NTDS\data\LF\Exctracted PDFs\Xu_LF_Elimination_Jiangsu.pdf"
"207","#*#Author#*#Zhan FX, Zhang SQ, Wang LL, Yuan FY, Zhang HX, Dong XR, Li KJ, Yu PH. #*#Title#*#[Lymphatic filariasis in Hubei Province: from prevailing to elimination]. #*#Journal#*#Zhongguo ji sheng chong xue yu ji sheng chong bing za zhi = Chinese journal of parasitology & parasitic diseases. #*#Date#*#2012;#*#Volume#*#30(1)#*#Pages#*#:65–70.","J:\Project\NTDS\data\LF\Exctracted PDFs\Zhan_LF_Hubei_Prevailing_to_Elimination.pdf"
"208","#*#Author#*#Wei YS, Zhang FN, Rao ZX, Yang YK, Hou CH, Guo YQ, Lei TF, Yang CJ, Chen ZG, Huang Y. #*#Title#*#[Epidemiological trend in late stage of control in Malayan filariasis endemic areas with Anopheles anthropophagus as main vector]. #*#Journal#*#Zhongguo Ji Sheng Chong Xue Yu Ji Sheng Chong Bing Za Zhi. #*#Date#*#1992;#*#Volume#*#10(2)#*#Pages#*#:100–3.","J:\Project\NTDS\data\LF\Exctracted PDFs\Wei_Trend_Late_Stage_Control_Malayan_Filariasis.pdf"
"209","#*#Author#*#Li QJ, Duan JH, Hu GL, Yu LR, Yang WQ, Li LZ, Ouyang HK. #*#Title#*#[Epidemiological characteristics and control of filariasis in Hunan Province]. #*#Journal#*#Zhongguo Ji Sheng Chong Xue Yu Ji Sheng Chong Bing Za Zhi. #*#Date#*#1990;#*#Volume#*#8(2)#*#Pages#*#:134–7.","J:\Project\NTDS\data\LF\Exctracted PDFs\Li_Epi_Characteristics_Control_LF_Hunan.pdf"
"210","#*#Author#*#Liu JY, Liu XJ, Chen Z, Tu ZP, Zheng GB, Chen YN, Zhang YZ, Weng SP, Huang XH, Yang FZ. #*#Title#*#Filariasis and its control in Fujian, China. #*#Journal#*#Southeast Asian J. Trop. Med. Public Health. #*#Date#*#1991 Jun;#*#Volume#*#22(2)#*#Pages#*#:147–54. 
","J:\Project\NTDS\data\LF\Exctracted PDFs\Liu_Filariasis_Control_Fujian.pdf"
"211","#*#Author#*#Deng SS, Hueng PP, Yan XL, Shen HY, Shen ZL, Song CC. #*#Title#*#[Serological epidemiologic surveillance on filariasis by ELISA]. #*#Journal#*#Zhongguo Ji Sheng Chong Xue Yu Ji Sheng Chong Bing Za Zhi. #*#Date#*#1992;#*#Volume#*#10(4)#*#Pages#*#:271–4.","J:\Project\NTDS\data\LF\Exctracted PDFs\Deng_Serological_Epi_Surveillance_ELISA.pdf"
"212","#*#Author#*#Shi FT, Shi ZJ, Shi HH, Lin XM, Huang QA. #*#Title#*#Assessment of intradermal test in longitudinal surveillance of bancroftian filariasis. #*#Journal#*#Chin. Med. J. #*#Date#*#1990 Jan;#*#Volume#*#103(1)#*#Pages#*#:29–33.","J:\Project\NTDS\data\LF\Exctracted PDFs\Shi_Assessment_Intradermal_Test_Bancroftian_Filariasis.pdf"
"213","#*#Author#*#Xu B, Cui Z, Zhang Y, Chang J, Zhao Q, Huang Q, Lin X. #*#Title#*#Studies on the transmission potential of filariasis in controlled areas of Henan Province. #*#Journal#*#Chin. Med. J. #*#Date#*#1997 Oct;#*#Volume#*#110(10)#*#Pages#*#:807–10.","J:\Project\NTDS\data\LF\Exctracted PDFs\Xu_Transmission_filariasis_Henan_Province.pdf"
"214","","J:\Project\NTDS\data\LF\Exctracted PDFs\Liu_Filariasis_Control_Fujian.pdf"
"215","","J:\Project\NTDS\data\LF\Exctracted PDFs\Cao_Epi_Surveillance_Filariaisis_After_Control_Shandong.pdf"
"216","","J:\Project\NTDS\data\LF\Exctracted PDFs\Gao_Changes_Anti-filarial_Antibody_After_Control_Shandong.pdf"
"217","","J:\Project\NTDS\data\LF\Exctracted PDFs\Zhang_Successful_Control_LF_Hubei_China.pdf"
"218","#*#Author#*#Moulia-Pelat JP, Nguyen LN, Hascoët H, Luquiaud P, Nicolas L. #*#Title#*#Advantages of an annual single dose of ivermectin 400 micrograms/kg plus diethylcarbamazine for community treatment of bancroftian filariasis. #*#Journal#*#Trans. R. Soc. Trop. Med. Hyg. #*#Date#*#1995 Dec;#*#Volume#*#89(6)#*#Pages#*#:682–5.","J:\Project\NTDS\data\LF\Exctracted PDFs\Moulia-Pelat_Annual_Single_Dose_Ivermectin_Community_Treatment.pdf"
"219","#*#Author#*#Nguyen NL, MouliaPelat JP, Cartel JL. #*#Title#*#Control of bancroftian filariasis in an endemic area of Polynesia by ivermectin 400 mu g/kg. #*#Journal#*#Transactions of the Royal Society of Tropical Medicine and Hygiene. #*#Date#*#1996 Dec;#*#Volume#*#90(6)#*#Pages#*#:689–91.","J:\Project\NTDS\data\LF\Exctracted PDFs\Nguyen_Control_filariaisis_Polynesia_Ivermectin.pdf"
"220","#*#Author#*#Li Z, Zhang K, Yan Y. #*#Title#*#[Evaluation on surveillance and intervention of lymphatic filariasis after interruption of the disease transmission in Jiangxi province]. #*#Journal#*#Zhongguo Ji Sheng Chong Xue Yu Ji Sheng Chong Bing Za Zhi. #*#Date#*#2002;#*#Volume#*#20(4)#*#Pages#*#:249–50.","J:\Project\NTDS\data\LF\Exctracted PDFs\Li_Evaluation_Surveillance_LF_China.pdf"
"221","#*#Author#*#Monchy D, Barny S, Rougier Y, Baudet JM, Gentile B. #*#Title#*#[Survey of lymphatic filariasis on Ouvea Island in New Caledonia]. #*#Journal#*#Med Trop (Mars). #*#Date#*#1999;#*#Volume#*#59(2)#*#Pages#*#:146–50.","J:\Project\NTDS\data\LF\Exctracted PDFs\Monchy_Bancroftian_Filariasis_New_Caledonia.pdf"
"222","#*#Author#*#Reid EC, Kimura E. #*#Title#*#Microfilaria prevalence of diurnally subperiodic Wuchereria bancrofti among people having a medical checkup in American Samoa in the past 17 years. #*#Journal#*#J Trop Med Hyg. #*#Date#*#1993 Apr;#*#Volume#*#96(2)#*#Pages#*#:118–23. 
","J:\Project\NTDS\data\LF\Exctracted PDFs\Reid_Microfilaria_prevalence_diurnally_subperiodic_W_Bancrofti_American_Samoa.pdf"
"223","#*#Author#*#Shamsuzzaman AKM, Haq R, Karim MJ, Azad MB, Mahmood ASMS, Khair A, Rahman MM, Hafiz I, Ramaiah KD, Mackenzie CD, Mableson HE, Kelly-Hope LA. #*#Title#*#The significant scale up and success of Transmission Assessment Surveys “TAS” for endgame surveillance of lymphatic filariasis in Bangladesh: One step closer to the elimination goal of 2020. #*#Journal#*#PLOS Neglected Tropical Diseases. #*#Date#*#2017 Jan 31;#*#Volume#*#11(1)#*#Pages#*#:e0005340.","J:\Project\NTDS\data\LF\Exctracted PDFs\Shamsuzzaman_Scale_Up_Success_TAS_Bangladesh.pdf"
"224","#*#Author#*#Rudra SK, Sukul NC. #*#Title#*#Prevalence and treatment of bancroftian filariasis in a rural population. #*#Journal#*#India: Health and Human Development Aspects [Internet]. #*#Date#*#2014.#*#Pages#*# p. 415–26. Available from: https://www.scopus.com/inward/record.uri?eid=2-s2.0-84947749623&partnerID=40&md5=92cd6433e7e6eef18eb94138a55fd370","J:\Project\NTDS\data\LF\Exctracted PDFs\Rudra_Prevalence_Treatment_Filariasis_Rural.pdf"
"225","#*#Author#*#Rudra SK, Sukul NC. #*#Title#*#Prevalence and treatment of bancroftian filariasis in a rural population. #*#Journal#*#India: Health and Human Development Aspects [Internet]. #*#Date#*#2014.#*#Pages#*# p. 415–26. Available from: https://www.scopus.com/inward/record.uri?eid=2-s2.0-84947749623&partnerID=40&md5=92cd6433e7e6eef18eb94138a55fd370","\Rudra_Prevalence_Treatment_Filariasis_Rural.pdf"
"226","#*#Author#*#Sunish IP, Munirathinam A, Kalimuthu M, Kumar VA, Tyagi BK. #*#Title#*#Persistence of Lymphatic Filarial Infection in the Paediatric Population of Rural Community, after Six Rounds of Annual Mass Drug Administrations. #*#Journal#*#Journal of Tropical Pediatrics. #*#Date#*#2014 Jun;#*#Volume#*#60(3)#*#Pages#*#:245–8. 
","J:\Project\NTDS\data\LF\Exctracted PDFs\Sunish_Persistence_LF_Paediatric_Rural_Community_Six_Rounds_MDA.pdf"
"227","","J:\Project\NTDS\data\LF\Exctracted PDFs\Shiferaw_LF_Ethiopia.pdf"
"228","","J:\DATA\JOURNAL_ARTICLES\J_COMMUN_DIS\2013\KUMAR_STUDY_COMPARE_EFFECT_ADDING_12_DAYS_DEC_REGIMEN_6_YEARS_ANNUAL_MASS_DRUG_ADMINISTRATION_ELIMINATE_MICROFILARAEMIA_INFECTION_COMMUNITY_RURAL_KANPUR__UTTAR_PRADESH__INDIA_Y2015M08D27.PDF"
"229","#*#Author#*#Faye O, Faye B, Ndiaye JL, Tine RCK, Ndiaye D, Haydara Mbacké A. #*#Title#*#Epidemiological study on lymphatic filariasis (Wuchereria bancrofti) in Senegal. #*#Journal#*#Medecine Tropicale. #*#Date#*#2009;#*#Volume#*#69(1)#*#Pages#*#:101–2. 
","J:\Project\NTDS\data\LF\Exctracted PDFs\Faye_Epi_study_LF_Senegal.pdf"
"230","#*#Author#*#Khan AM, Dutta P, Sarmah CK, Baruah NK, Das S, Pathak AK, Sarmah P, Hussain ME, Mahanta J. #*#Title#*#Prevalence of lymphatic filariasis in a tea garden worker population of Dibrugarh (Assam), India after six rounds of mass drug administration. #*#Journal#*#Journal of Vector Borne Diseases. #*#Date#*#2015 Dec;#*#Volume#*#52(4)#*#Pages#*#:314–20.","J:\Project\NTDS\data\LF\Exctracted PDFs\Khan_Prevalence_LF_tea_garden_worker_population_Assam_India_six_rounds_MDA.pdf"
"231","#*#Author#*#Mutheneni SR, Upadhyayula SM, Kumaraswamy S, Kadiri MR, Nagalla B. #*#Title#*#Impact of socioeconomic factors on the prevalence of lymphatic filariasis in Andhra Pradesh, India. #*#Journal#*#Journal of Public Health (Germany). #*#Date#*#2015;#*#Volume#*#23(4)#*#Pages#*#:231–40. 
","J:\Project\NTDS\data\LF\Exctracted PDFs\Mutheneni_Impact_socioeconomic_factors_prevalence_LF_Andhra_Pradesh_India.pdf"
"232","#*#Author#*#Patnaik SK, Mukhopadhyay AK. #*#Title#*#Prevalence of lymphatic filariasis and economic impact of chronic forms of the disease in a group of weavers in the Godavari Districts of Andhra Pradesh. #*#Journal#*#Indian Journal of Public Health Research and Development. #*#Date#*#2016;#*#Volume#*#7(2)#*#Pages#*#:103–7.","J:\Project\NTDS\data\LF\Exctracted PDFs\Patnaik_Prevalence_LF_Economic_Impact_Godavari.pdf"
"233","#*#Author#*#Sunish IP, Kalimuthu M, Kumar VA, Munirathinam A, Nagaraj J, Tyagi BK, White GB, Arunachalam N. #*#Title#*#Can community-based integrated vector control hasten the process of LF elimination? #*#Journal#*#Parasitology Research. #*#Date#*#2016 Jun;#*#Volume#*#115(6)#*#Pages#*#:2353–62.","J:\Project\NTDS\data\LF\Exctracted PDFs\Sunish_Can_community-based_integrated_vector_control_hasten_LF_elimination.pdf"
"234","#*#Author#*#Walsh V, Little K, Wiegand R, Rout J, Fox LM. #*#Title#*#Evaluating the Burden of Lymphedema Due to Lymphatic Filariasis in 2005 in Khurda District, Odisha State, India. #*#Journal#*#Plos Neglected Tropical Diseases. #*#Date#*#2016 Aug;#*#Volume#*#10(8)#*#Pages#*#:e0004917.","J:\Project\NTDS\data\LF\Exctracted PDFs\Walsh_Evaluating_Burden_Lymphedema_LF_2005_Khurda_India.PDF"
